                  epoch,         train/box_loss,         train/cls_loss,         train/dfl_loss,   metrics/precision(B),      metrics/recall(B),       metrics/mAP50(B),    metrics/mAP50-95(B),           val/box_loss,           val/cls_loss,           val/dfl_loss,                 lr/pg0,                 lr/pg1,                 lr/pg2
                      1,                 1.5881,                 1.1476,                 1.3429,                0.55351,                0.50355,                0.48306,                0.26775,                  1.689,                 1.2341,                  1.408,             0.00017516,             0.00017516,             0.00017516
                      2,                 1.6053,                 1.1684,                 1.3565,                0.53062,                0.48715,                 0.4702,                0.26014,                 1.7074,                 1.2504,                 1.4208,              0.0003158,              0.0003158,              0.0003158
                      3,                 1.6173,                 1.1831,                 1.3674,                0.54657,                0.49197,                0.46976,                0.26003,                 1.7042,                 1.2501,                 1.4297,             0.00042171,             0.00042171,             0.00042171
                      4,                  1.615,                 1.1815,                 1.3657,                 0.5116,                0.50436,                0.46691,                 0.2601,                 1.7044,                  1.249,                 1.4227,             0.00036978,             0.00036978,             0.00036978
                      5,                 1.6091,                 1.1718,                  1.363,                0.53941,                0.50421,                0.47626,                0.26363,                 1.7003,                 1.2431,                 1.4199,              0.0003177,              0.0003177,              0.0003177
